Charmane,Griswold
Slavian,Peac
Nahid,Varker
Poorav,Esposito
Juichirou,Thambidurai
Chikako,Moehrke
Toshimo,Reghbati
Shuji,Felder
Rosalie,Deville
Guther,Waschkowski
Goh,Dulli
Mokhtar,Kaltofen
Sailaja,Trumbly
Supot,Flowers
Gina,Barriga
Shridhar,Orlowska
Kasturi,Neiman
Shaibal,Stanfel
Anneke,Tomescu
Waiman,Valiente
Taiji,Oskamp
Chiradeep,Parhami
Elrique,Hooghiemstra
Kitty,Poehlman
Hideo,Rosin
Seshu,Mitina
Rosella,Lorch
Fai,Vecchi
Luerbio,Majewski
Takahito,Weisert
Lijie,Schnelling
Ramalingam,Gunderson
Sven,Zallocco
Nectarios,Paciorek
Nectarios,Peltason
Phillip,Schusler
Tomofumi,Gide
Kristian,Ranst
Shen,Genin
Krister,Tischendorf
Wonhee,Pagter
Bokyung,Leivant
Shih,Kuszyk
Sanjiv,Bugrara
Alenka,Kropp
Goo,Keirsey
Florian,Rissland
Saeko,Wuwongse
Huan,Koshiba
Tokuyasu,Ertl
Ottavia,Deville
Niranjan,Lamma
Zhenhua,Kampfer
Adhemar,Heusch
Kaijung,Gargeya
Hironobu,Zwicker
Christ,Baca
Apostol,Vakili
Aris,Khasidashvili
Kazuhisa,Perelgut
Radoslaw,Pfau
Lucian,Werthner
Abdelghani,Sabnani
Mihalis,Hasham
Munehiro,Nannarelli
Chinho,Trachtenberg
Shih,Feldhoffer
Shem,Whitcomb
Yishai,Luiz
Shigeaki,Bultermann
Shaleah,DeMori
Becky,Paludetto
Kinh,Parhami
Lunjin,Anick
Tsutomu,Alameldin
Elvis,Melton
Nikolaus,Edelhoff
Anoosh,Thiran
Christoph,Bouloucos
Maja,Kampfer
Masanao,Lichtner
Izaskun,Redmiles
Xudong,Rusmann
Yishai,Stanger
Premal,Spinelli
Denis,Ranum
Demin,Basawa
Sachem,Showalter
Mitchel,Codenie
Hyuncheol,Gunderson
Adil,Walstra
Masaki,Siochi
Volkmar,Schusler
Salvador,Luca
Shigehito,Poujol
Arno,Kumaresan
Nakhoon,Blokdijk
Reuven,Heijenga
Christoph,Siochi
Khaled,Schauser
Shigeichiro,Khalid
Sastry,Kavraki
Uta,Bale
Arra,Bharadwaj
Sven,Wolniewicz
Boaz,Junet
Keung,Eickenmeyer
Vugranam,Staylopatis
Sachem,Merey
Brigham,Isard
Martine,Heydon
Mansur,Janocha
Candido,Schusler
Christ,Murtagh
Manu,Rajcani
Yunming,Lakshmanan
Slavian,Merro
Toshimori,Rosenbaum
Shakhar,Zedlitz
Kiyokazu,Copas
Nidapan,Boudaillier
Shigehito,Falby
Kristine,Foong
Masaru,Jiang
Fay,Marciano
Jeanne,Henders
Maren,Thombley
Kwangjo,Pusterhofer
Josyula,Felcyn
Chiranjit,Farrow
Kauko,Dusink
Mayumi,Langford
Krister,Huttel
Girolamo,Murrill
Hsiangchu,Narahara
Menkae,Perin
Naftali,Deville
Alain,Kalsbeek
Domenico,Imataki
Jiang,Muchinsky
Zongyan,Loncour
Tomokazu,Bondorf
Duangkaew,Pokrovskii
Shigehito,Huhdanpaa
Nikolaus,Melton
Feiyu,Luit
Shugo,Eiter
Basant,Cheshire
Lubomir,Chleq
Fen,Rohrbach
Maya,Cools
Abdulah,Covnot
Xiaoqiang,Tischendorf
Munenori,Vasanthakumar
Masoud,Zielinski
Aleksander,Pellegrinelli
Nahid,Shihab
Ulf,Braunmuhl
Eckart,Nations
Jaques,Gien
Fumitaka,Slobodova
Clyde,Itzfeldt
Margareta,Osgood
Ramya,Buchter
Gilbert,Pearson
Felicidad,Furudate
Hitomi,Terkki
Sachin,Shackel
Christfried,Pollock
Bezalel,Kamble
Kauko,Kusakabe
Tokuyasu,Pesch
Shuzo,Hasenauer
Hirochika,Hiyoshi
Jolita,Cheshire
Jahangir,Setlzner
Shen,Sommen
Giap,Haldar
Ewing,Trachtenberg
Mabo,Felder
Arto,Thimonier
Niteen,Thimonier
Waiman,Lodder
Tamiya,Kambil
Persi,Berstel
Ferdinand,Cappello
Uzi,Fioravanti
Jianhao,Oberman
Leon,Showalter
Heng,Fortenbacher
Takahira,Daescu
Soenke,Ratzlaff
Magdalena,Ambroszkiewicz
Matt,Chimia
Aloke,Chinal
Danai,Middleton
Vishv,Joslin
Kristine,Luders
Frederique,Sherertz
Adel,Picci
Valdiodio,Pavlopoulou
Feipei,Menhardt
Along,Cools
Leaf,Menyhert
Marsha,Michaels
Ronghao,Lemarechal
Emdad,Himler
Goo,Reinhart
Hercules,Denti
Mary,Shihab
Gen,Bernatsky
Shirish,Tischendorf
Bingning,Baja
Berni,Preusig
Marek,Nooteboom
Jayesh,Dahlbom
Alassane,Morrey
Kien,Ecklund
Shirish,Lieblein
Hairong,Polajnar
Anneli,Murillo
Adhemar,Eiter
Lucian,Dichev
Xiaopeng,Bahr
Krister,Isard
Hatem,Schahn
Shaowei,Nations
Xiaoqiu,Gonthier
Yinlin,Iivonen
Genevieve,Gill
Sudharsan,Solares
Nevio,Schoegge
Satyanarayana,Pettis
Geraldo,Bednarek
Roselyn,Borovoy
Shan,Lieblein
Conor,Griswold
Boguslaw,Morris
Anyuan,Fordan
Masato,Heering
Sadegh,Schade
Constantijn,Pramanik
Anyuan,Dengi
Van,Cannane
Gor,Khalid
Abdulah,Schiper
Willard,Szemeredi
Val,Terwilliger
Hitofumi,Petersohn
Sachem,Cochrane
Maik,Berendt
Mostafa,Dechter
Candido,Peroz
Kien,Strehl
George,Khalil
Udo,Bernini
Miomir,Sankaranarayanan
Gurbir,Mahnke
Fai,Ligten
Girolamo,Fujisawa
Bezalel,Pezzoli
Goncalo,Cherinka
Hidde,Shobatake
Gil,Waeselynck
Houman,Alencar
Radhia,Nyanchama
Goetz,Herath
Youssef,Uhrig
Marsal,Pollacia
Bangqing,Pettit
Mitchel,Furedi
Ottavia,Impagliazzo
Kwan,Gulik
Sanjoy,Tzvieli
Moriyoshi,Tischendorf
Mingzeng,Mahmud
Chirstian,Kobara
Subhash,Maksimenko
Aran,Bridgland
Nobuyoshi,Carrere
Subir,Suessmith
Nathalie,Pepe
Dines,Veeraraghavan
Fabrizio,Goldhammer
Maha,Roison
Koichi,Lueh
Jiang,Vesel
Angus,Stenning
Basant,Heydon
Ymte,Beutelspacher
Byong,Pettit
Jeanna,Ghalwash
Ziya,Barriga
Djenana,Peron
Adamantios,Gecsei
Miomir,Vigier
Marke,Yetto
Macha,Schreiter
Paloma,Heping
Yakichi,Bugrara
Mansur,Lunt
Gil,Erev
Rosli,Trelles
Heping,Sessa
Mizuhito,Litvinov
Shigenori,Pelc
Kenton,Bahr
Shugo,Denna
Ghassan,Birta
Golgen,Diderrich
Sumant,Kakkar
Ebru,Varley
Heekeun,Pepe
Breannda,DiGiano
Jagoda,Ohori
Zhongwei,Morris
Shimshon,Albarhamtoshy
Gurbir,Beerel
Serenella,Hiraishi
Zhiwei,Fontan
Sanjeeva,Kowalchuk
Marlo,Setia
Uriel,Daescu
Patricia,Zucker
Parto,Pehl
Janalee,Callaway
Kamakshi,Selenyi
Breannda,Buescher
Dinah,Anick
Zsolt,McAffer
Limsoon,Doering
Jinya,Heusch
Marsal,Magliocco
Shiv,Barbanera
Aral,Hoppenstand
Shuky,Hofman
Eberhardt,Guardalben
Maria,Zhang
Chinhyun,Klyachko
Qingxiang,Piancastelli
Radhakrishnan,Angelov
Matt,Jording
Paris,Ariola
Chriss,Eiter
Stafford,Pramanik
Susanta,Panwar
Kerryn,Brookner
Ibibia,Junet
Aloys,Bonifati
Kazunori,Cummings
Badri,Impagliazzo
Zhenhua,Manders
Karoline,Busillo
Toshimitsu,Steinauer
Toney,Diderrich
Khosrow,Sgarro
Shigeu,Langford
Vitali,Vieri
Marlo,Peroz
Shrikanth,Suwa
Mary,Wossner
Masami,Hockney
Moheb,Kavvadias
Radhia,Azumi
Ute,Itzfeldt
Danae,Matheson
Seshu,Cooke
Mart,Peha
Jordanka,Shanbhogue
Bartek,Rosaz
Nobuyoshi,Olivero
JiYoung,Chinin
Snehasis,Kalsbeek
Gen,Chimia
Nalini,Lamma
Adel,Kuhnemann
Jouni,Mahnke
Francoise,Einsfeld
Shounak,Rissland
Kyoichi,Barbanera
Sedat,Loncour
Gro,Iacovou
Lidong,Horswill
Dante,Krone
Sariel,Babb
Maren,Rusmann
Eben,Iisaku
Radhakrishnan,Stamatiou
Baziley,Litvinov
Heping,Brender
Uinam,Soicher
Demin,Rotem
Zsolt,Jervis
Hercules,Weiland
Geoff,Swan
Jingling,Weisert
Steen,Pappas
Serenella,Oxenboll
Heng,Miculan
Goa,Miyakawa
Filipe,Bellmore
Dines,Swab
Radhia,Brookman
Mizuhito,Busillo
Piyawadee,Vecchio
Chiranjit,Bamford
Marsal,Molberg
Hidekazu,Bala
Cedric,Rossi
Gill,Rissanen
Guttorm,Conti
Gaetan,Thibadeau
Demin,Wynblatt
Yinlin,Collavizza
Nadjib,Taubenfeld
Renee,Cichocki
Elzbieta,Aamodt
Yunming,Puppo
Radhakrishnan,Peot
Christfried,Zockler
Mori,Azulay
Khun,Syrzycki
Rimli,Cincotta
Khalid,Basawa
Naraig,Aumann
Shahid,Boissier
Moriyoshi,Kamber
Bodo,Iivonen
Randi,Wroclawski
Toshimo,Picco
Leszek,Koblick
Marsal,Nishimukai
Odoardo,Markovitch
Adin,Valette
Xuedong,Hartvigsen
Arra,Murillo
Kasturi,Panienski
Kazuhito,Gurbaxani
Shigeu,Vidal
Toshimori,Bugrara
Seongbae,Zykh
Sreekrishna,Hertweck
Zhigen,Pepe
Goh,Linnainmaa
Hisao,Anily
Moriyoshi,Kumaresan
Inderjeet,Lorho
Aimee,Stifter
Yinghua,Maraist
Weiwu,Pardalos
Alper,Hebden
Shem,Hooghiemstra
Manton,Dratva
Ghassan,Pena
Akeel,Baez
Karoline,Kusalik
Toshiko,Schlenzig
Aleksandar,Masand
Shen,Spell
Mats,Arlazarov
Filipe,Condotta
Mayuri,Francisci
DeForest,Cappello
Aemilian,Negoita
Gian,Rissanen
Shuky,Itzigehl
Candida,Kuzuoka
Guadalupe,Babb
Przemyslawa,Peak
Arch,Peek
Mary,Decleir
Nigel,Aingworth
Ibibia,Hiroyama
Leandro,Baaleh
Toshimori,Kuszyk
Chenye,Cannard
Amalendu,Dulin
Berthier,Trystram
Adin,Kaminger
Gro,Flowers
Shmuel,Meriste
Michaela,Larfeldt
Xianlong,Pashtan
Falguni,Swiler
Giap,Pashtan
Licheng,Koprowski
Moty,Pellegrinelli
Yakkov,Haraldson
Zeljko,Herbst
Ekawit,Alpay
Gaurav,Lupu
Joydip,Hitomi
Kamakshi,Alpay
Ymte,Hoogerwoord
Jaideep,Peternell
Patricio,Falby
Marit,Czap
Sakthirel,Schlenzig
Masako,Heystek
Honglan,Petereit
Takahito,Hardjono
Marjo,Litvinov
Panayotis,Lamba
Bikash,Cannata
Gad,Levasseur
Eberhardt,Maierhofer
Pramod,Rissland
Mountaz,Copas
Sachio,Plesums
Maja,Riefers
Horward,Oxman
Munenori,Schiper
Alejandra,Jiang
Guttorm,Baer
Khaled,Scharstein
Qingxiang,Schueller
Akemi,Warwick
Kazuhiko,Armand
Ortrud,Diderrich
Shuichi,Leijenhorst
Shem,Armand
Inderjeet,Rothenberg
Mihalis,Baca
Nalini,Pettis
Zhongwei,Molenkamp
Cedric,Brlek
Mostafa,Pillow
Suzette,Kruskal
Kotesh,Oaver
Gila,Portugali
Ohad,Eastman
Kazuyasu,Vasanthakumar
Taisook,Cronan
Shawna,Alpay
Kensei,Heping
Yefim,Nollmann
Yannis,Mandell
Kristen,Begiun
Tesuya,Coombs
Chikara,Kitsuregawa
Aloys,Eldridge
Sampalli,Zaiane
Manton,Kitai
Becky,Khalil
Frazer,Lodder
Billie,Middleton
Akemi,Axelband
Trygve,Feinberg
Reinhard,Krohn
Stella,Sichman
Marsja,Falster
Tse,Leuchs
Abdelwaheb,Koblitz
Nitsan,Monkewich
Gay,Weedman
Gopalakrishnan,Lanphier
Subir,Noriega
Marsha,Cromarty
Suzette,Schrooten
Aloys,Thummel
Mizuhito,Lindenbaum
Prasadram,Showalter
Howell,Pell
Kwangsub,Lunn
Arup,Schaar
Arunachalam,Spieker
Yucel,Kaiser
Shaowen,Krogh
Emdad,Katzenelson
Giao,Engberts
Marsha,Wielonsky
Teruyuki,Pellegrinelli
Surveyors,Bernardinello
Owen,Crouzet
Maik,Jahnichen
Abdelaziz,Rosenbaum
Stella,Perry
Sumant,Naudin
Aiman,Kolinko
Xuejia,Kuzuoka
Zongyan,Jayawardene
Dhritiman,Erol
Martina,Stroustrup
Pragnesh,Lukaszewicz
Shawna,Narahara
Kousuke,McFarlin
Leni,Benzmuller
Aiichiro,Murtha
Junsik,Gulik
Angel,Vilarrasa
Weijing,Camarinopoulos
Boaz,Fandrianto
Abdelghani,Sinitsyn
Elvis,Demri
Khaled,Bernick
Vincent,Muhlberg
Chinho,Schneeberger
DAIDA,Pehl
Denny,Ruther
Nirmal,Marsiglia
Brigham,Weedon
Charmane,Peltason
Christ,Bashian
Nobuyoshi,Ananiadou
Vivian,Demian
Nathan,Engelmann
Candida,Iisaku
Phillip,Langford
Fai,Waleschkowski
Neelam,Wilharm
Magdalena,Katalagarianos
Matt,Leaver
Jeong,Vanwelkenhuysen
Alejandro,Sambasivam
Rafols,Shokrollahi
Munehiko,Fontan
Krassimir,Matzat
Roddy,Himler
Hinrich,Ozeri
Fun,Zaccaria
Claudi,Gubsky
Gila,Taneja
Parke,Suppi
Masadi,Lammel
Marjo,Willoner
Gregory,Chenney
Guozhong,Neiman
Shuzo,Sadowski
Zvonko,Masaki
Basil,Kaelbling
Arch,Worfolk
Alois,Zlotek
Kersti,Bahi
Oddvar,Chimia
Somnath,Sidhu
Adhemar,Oppitz
Dulce,Cincotta
Arch,Thimonier
Tuval,Ramaiah
Monique,Menhardt
Debatosh,Dayana
Zongyan,Jansen
Paloma,Bednarek
Sadegh,Cappello
Goetz,Curless
Xinan,Janocha
Randy,Narahari
Kwangyoen,Picaronny
Vojin,Maliniak
Angel,Cairo
Yongmao,Muntz
Sukumar,Guerreiro
Mary,Glinert
Debatosh,Botman
Van,Furudate
Muneo,Bisiani
Gunilla,Bamford
Niteen,Ventosa
Akhilish,Dratva
Rosalyn,Schusler
Doowon,Benzmuller
Zhigen,Emden
Yongmin,Petereit
Zhenbing,Cappello
Basem,Shumilov
Yaghout,Moffat
Kousuke,Desikan
Kazuyasu,Serre
Panayotis,Ibel
Monique,Tramer
Zejun,Swick
Demos,Mayerwieser
Serap,Kaiser
Kolar,Setiz
Xiaobin,Bail
Georgy,Mitchem
Maria,Jullig
Elvia,Baalen
Muneo,Showalter
Paloma,Weisert
Gio,Muhling
Alejandra,Bolotov
Rance,Billingsley
Udaiprakash,Hofman
Shih,Nanard
Neven,Cyne
Ziyad,Walstra
Luisa,Barinka
Tzu,Tramer
Guadalupe,Assaf
Radhia,Talmon
Chenye,Baja
Godehard,Heiserman
Angel,Edelhoff
Jungsoon,Molenkamp
Angel,Kampfer
Richard,Borovoy
Dines,Giaccio
Pramod,Wrigley
Florina,Tchuente
Hatsukazu,Decleir
Cheong,Braunmuhl
Eldridge,Stroustrup
Kristinn,Rotem
Hidefumi,Kobuchi
Boriana,Mungall
Mara,Bugrara
Mostafa,Pardalos
Baziley,Erol
Junsik,Panwar
Luisa,Gubsky
Shen,Oaver
Boalin,Feldmann
Jianhua,Schicker
Nevio,Serra
Heeju,Osgood
Richard,Stifter
Genta,Hammerschmidt
Chenxi,Thambidurai
Kersti,Lambe
Takahiro,Matzov
Roddy,Neimat
Sushant,Honiden
Munenori,Kenevan
Tooru,Parfitt
Tristan,Isaac
Yonghong,Glowinski
Tamiya,Walston
Randy,Vrecion
Shugo,Peck
Chenxi,Erdmenger
Hilary,Pileggi
Barry,Hofstetter
Youpyo,Veldwijk
Terresa,Akiyama
Sachio,Wolniewicz
Sukumar,Tsukuda
Georgi,Willoner
Kannan,Emiris
Fumiyo,Bruckman
Neelam,Calkin
Pradeep,Kushnir
Shimshon,Emmerich
Yishay,Cronan
Alper,Syang
Martijn,Christ
Kerryn,Sevcikova
Randi,Mattern
Marjo,Perko
Shmuel,Coombs
Karoline,Yeung
Marsha,Rindone
Manibrata,Eterovic
Suvo,Iivonen
Leni,Avouris
Udi,Ciolek
Branimir,Bodoff
Shigeaki,Rettelbach
Chuanyi,Manders
Greger,Zumaque
Vidya,Wynblatt
Yifei,Schiper
Mototsugu,Gustavson
Murthy,Cunliffe
Fox,Gargeya
Shugo,Domenig
Constantine,Kornatzky
Fan,Rajaraman
Zdislav,Emiris
Luigi,Brookner
Billie,Hambrick
Owen,Kushnir
Douadi,Molberg
Hirochika,Weisert
Zengping,Schapire
Sashi,Itzigehl
Niranjan,Gils
Aemilian,Thorensen
Shuichi,Perl
Kwangho,Pietrzykowski
Kayoko,Menyhert
Toong,Kuhnemann
Toong,Kaelbling
Yuguang,Hagimont
Chrisa,Schaar
Rajmohan,Armand
Murthy,Zhiwei
Takahira,Gargeya
Ennio,Lorcy
Muzhong,Niizuma
Christoph,Shokrollahi
Herb,Siprelle
Chanjung,Kavvadias
Dante,Boudaillier
Achilleas,Picaronny
Chinhyun,Clouatre
Xinglin,Suri
Vugranam,Luft
Arfst,Asrin
Urs,Fairtlough
Muzhong,Gustavson
Maria,Taubenfeld
Subir,Ramaiah
Vincent,Lortz
Sanjoy,Nations
Masako,Pargas
Garnik,Yavatkar
Mark,Jonsson
Lorien,Leslie
Tetsushi,Staylopatis
Shunichi,Orsini
Patricio,Thimonier
Ortrun,Christianini
Renee,Kropp
Abdelkader,Marrakchi
Mandell,Alencar
Shigehito,Peha
Mohamadou,Junot
Hongzhu,Kalsbeek
Noritoshi,Pashtan
Mats,Panangaden
Aloke,Schmezko
Remko,Awdeh
Yakichi,Waeselynck
Mihalis,Wilharm
Iara,Falby
Adas,Kalorkoti
Uri,Scharstein
Maha,Ventosa
Jixiang,Rindone
Taegyun,Rodiger
Salvador,Clemencon
Maya,Loncour
Shunichi,Rosca
Phuoc,Albarhamtoshy
Etsuo,Stamatiou
Shalesh,Perelgut
Marla,Carrera
Krister,Denti
Xiahua,Birke
Alois,Kavanagh
Kankanahalli,Wendorf
Sukumar,Werthner
Mingsen,Sinicrope
Wayne,Baby
Weiru,Fontet
Saeed,Doering
Yongmao,Hiltgen
Boriana,Bazelow
Uzi,Henders
Kristof,Pavlopoulou
Kazuhide,Vanwelkenhuysen
Shawna,Kakkad
Wanqing,Wissmann
Mechthild,Trelles
Premsyl,Nergos
Manohar,Erez
Jingling,Ramsak
Theron,Huxford
Pranay,DeMori
Sachem,Boguraev
Nectarios,Fujisawa
Hyuckchul,Viele
Leen,Wixon
Patricio,Luon
Boguslaw,Mayerwieser
Owen,Ratzlaff
Shawna,Akazan
Jiang,Shigei
Mamdouh,Segond
Yishai,Foote
Gurbir,Mitina
Bikash,Herath
Girolamo,Henders
Tetsushi,Prochazka
Sumali,Percebois
Honesty,Mukaidono
Jeong,Peha
Lech,Lung
Akeel,Kleiser
Kersti,Fujisaki
Moheb,Reinhart
Waiman,McFarlan
Doohun,Junet
Gou,Birnbaum
Rosita,Sury
Serenella,Pollock
Cathie,Menhoudj
Jianhua,Ishibashi
Zito,Valiente
Zhanqiu,Gulik
Marko,Bashian
Tadahiro,Kisuki
Tzu,Ratzlaff
Aksel,Speer
Yuping,Kolvik
Theron,Itschner
Vidya,Piveteau
Arun,Suppi
Huei,Baig
Jolita,Kading
Mitsuyuki,Stanfel
Chrisa,Condotta
Guangming,Senzako
Dharmaraja,Mellouli
Chrisa,Zeleznik
Make,Gyorkos
Kristinn,Mahmud
Faiza,Bahi
Ekawit,Waleschkowski
Debaprosad,Badr
Ingmar,Irland
Danel,Uehara
Ingemar,Poupard
Arnd,Junot
Claudi,Honiden
Fox,Lodder
Boriana,Gajiwala
Srinidhi,Sinicrope
Nathalie,Cairo
Dayanand,Morrey
Youjian,Chiola
Elliott,Businaro
Dannz,Beerel
Freyja,Brizzi
True,Salverda
Kyoichi,Aingworth
Mohammad,Ullian
Prodip,Rissanen
Malu,Denis
George,Erdmenger
Shao,Ibel
Chaoyi,Ushiama
Tadahiro,Hettesheimer
Hatim,Rodham
Bangqing,Zastre
Anneke,Leslie
Alagu,Thebaut
Naftaly,Cannata
Hatem,Goodrum
Toshimi,Barreiro
Nevio,Kroft
Jinya,Angelov
Bikash,Shiratori
Rosalyn,Akaboshi
Niteen,Naumovich
Mitsuyuki,Ranai
Sanjai,Luders
Kristina,Sethi
Feiyu,Serdy
Sadegh,Rothe
Vivian,Minakawa
Vojin,Baby
Sorina,Herber
Zhongwei,Ozeki
Bogdan,Mapelli
Sanjeeva,Denos
Sigeru,Baez
Jovan,Iacovou
Arumugam,Guting
Harngdar,Lipner
Sverrir,Renear
Pranay,Passino
Luisa,Ghelli
Mona,Straney
Toney,Anido
Stein,Broder
Jaber,Picci
Denny,Lorho
Mara,Zeilberger
Honglan,Otillio
Luise,Gerlach
Paris,Detkin
Kenton,Papadias
Joydip,Marrakchi
Kazunori,Bratten
Idoia,Akaboshi
Neven,Stroustrup
Yolla,Ramras
Matk,Itzfeldt
Xiaocheng,Syang
Jolita,Schapire
Sigeru,Beilner
Gunilla,Takkinen
Pranjal,Luca
Shaz,Itschner
Xuejun,Papsdorf
Gay,Ebeling
Karlis,Kulisch
Subhash,Gniady
Make,Beznosov
Anneli,Mahmud
Lalit,Tanemo
JoAnne,Matheson
Khun,Ponthieu
Jouko,Lortz
Kensei,Speek
Urs,Danley
Bokyung,Isard
Yuqun,Kobuchi
Harjit,Murrill
Danco,Schreiter
Jingling,Baez
Mohammad,Ghandeharizadeh
Sarita,Gulak
Badri,Murtha
Jouko,Chinin
Niteen,Kadhim
Geoffrey,Randi
Piyush,Impagliazzo
Neven,Anido
Candido,Christ
Dante,Schmittgen
Lucian,Klerer
Mahendra,Janetzko
True,Hofman
Eberhardt,Angelov
Vincent,Rousseau
Sachio,Gils
Youssef,Jording
Qiwen,Prenel
Uta,Berendt
Bouchung,Zedlitz
Pranav,Axelband
Weidon,Snedden
Mani,Azulay
Bangqing,Lunt
Shan,Comyn
Sandeepan,Lammel
Shir,Terwilliger
Toshiko,Sidje
Ghassan,Valiente
Zine,Ghazalie
Rasiah,Yemenis
Ute,Androutsos
Rasiah,Gurbaxani
Christfried,Orsini
Indrajit,Gerlach
Goa,Stenning
Arlette,Homond
Toney,Naudin
Nevio,Dechter
Chirstian,Ligten
Niteen,Tsukuda
Remco,Rassart
Lorien,Lanteri
Chaosheng,Perin
Jouni,Alblas
Seongbae,Haddadi
Hatim,Hofman
Brewster,Chiodo
Guangming,Jenevein
Conal,Champarnaud
Ottavia,Wuwongse
Huiqun,Birke
Krassimir,Encarnacion
Yifei,Gien
Alain,Dratva
Kamran,Gomatam
Basem,Eickenmeyer
Kamran,Isaak
Stella,Claffy
Shigeaki,Denis
Rance,Chepyzhov
Mayumi,Hennings
Ipke,Vieri
Xinyu,Schlegelmilch
Temple,Narahara
Masako,Coombs
Lokesh,Birsak
Eirik,Erdmenger
Itzchak,Ramaiah
Jayesh,Schrift
Sahrah,Penz
Munehiro,Solares
Chaitali,Chorvat
Shigehiro,Granlund
Ramzi,Crabtree
Samphel,Malinowski
Woody,Copas
Shiv,Bernardeschi
Danil,Perna
Samphel,Gerlach
Sven,Hitomi
Arif,Clouatre
Willard,Liedekerke
Bluma,Prochazka
Shao,Desikan
Shiv,Karcich
Moni,Stroustrup
Goa,Guardalben
Siamak,Hambrick
Vincent,Guting
Toshimi,Picci
Izaskun,Sadowski
Bezalel,Argence
Pranav,Joslin
Moto,Garigliano
Carrsten,Jullig
Lenore,Kossowski
Jiong,Schmezko
Mart,Makrucki
Filipp,Taubenfeld
Zengping,Fontet
Moon,Uhrik
Yuichiro,Sommen
Gad,Sundgren
Uta,Lowrie
Geraldo,Thorelli
Oldrich,Quittner
Bernt,Erie
Heather,Quadeer
Jianwen,Colorni
Akhilish,Perly
Shmuel,Seuren
Shaowen,Miake
Renee,Hainaut
Munenori,Riefers
Chirstian,Marwedel
Debatosh,Flowers
Sachin,Nyanchama
Zsolt,Lunn
Abdulah,Yetim
Lucian,Vanwelkenhuysen
Huiqun,Massonet
Rosine,Champarnaud
Taizo,Reistad
Olivera,Papsdorf
Jeanne,DuCasse
Aimee,Aseltine
Leni,Schicker
Nikolaus,Erez
Danny,Rohrbach
Shih,Merro
Reinhard,Ramamoorthy
Houman,Worfolk
Jacqueline,Gide
Lucien,Bamford
Vesna,Barbanera
Nikolaos,Laventhal
Fay,Ramalingam
Branimir,Luks
Mizuhito,Puppo
Apostol,Leuchs
Seongbae,Baaz
Patricio,Reutenauer
Takushi,Kalloufi
Deniz,Noriega
Herb,Speer
Cathie,Standera
Sampalli,Heemskerk
Eran,Vural
Vincent,Peral
Huiqun,Kranzdorf
Uli,Hatcliff
Jaques,Zaiane
Akeno,Perelgut
Zhongwei,Roccetti
Arco,Anandan
Mana,Serot
Kazuhide,Uehara
Jiakeng,Harllee
Fay,Rando
Kendra,Haddadi
Keiichiro,Birnbaum
Jouni,Clemencon
Guenter,Ranai
Weicheng,Hitomi
Satoru,Gruenwald
Florina,Verhoeff
Mizuhito,Bazzichi
Lokesh,Suppi
Genta,Lyonns
Prodip,Luca
Arfst,Belinskaya
Mario,Perfilyeva
Youjian,Verhaegen
Kasidit,Fujisawa
Weijing,Chenoweth
Ibibia,Lortz
Marin,Savasere
Golgen,Codenie
Prodip,Benzmuller
Jiann,Bael
Hugh,Soicher
Eberhardt,Gubsky
Tsuneo,Lagarias
Tua,Marrakchi
Yishay,Rissland
Alenka,Angelopoulos
Rosli,Kornatzky
Abdulla,Miara
Sreenivas,Parfitt
Arunachalam,Melton
Shay,Fiutem
Adit,Felcyn
Zhanqiu,Byoun
Hercules,Bodoff
Arch,Dalphin
Youjian,Bottner
Richard,Lubachevsky
Ishfaq,Prenel
Halsur,Nittel
Moheb,Khalid
Saeed,Wossner
Mototsugu,Vakili
Baziley,Luef
Kerryn,Willoner
Takushi,Anger
Georgy,Junet
Shimshon,Nergos
Sushant,Baalen
Heon,Lund
Qingxiang,Chiola
Nobuyoshi,Beeson
Shaz,Erdmenger
Kannan,Pileggi
Salvador,Ramalingam
Domenico,Schmittgen
Shih,Schwaller
Sungwon,Vural
Emdad,Roison
Toney,Maliniak
Tsvetan,Erbe
Muzhong,Erol
Shin,Luck
Vojin,Talmor
Sudhanshu,Liesche
Willard,Baca
Kasturi,Brattka
Jongsuk,Hatcliff
Guoxiang,Munch
Garnet,Kavraki
Uinam,Nations
Laurentiu,Koblitz
Zengping,Kruskal
Roded,Crouzet
Baziley,Constantine
Malu,Ibel
Fumitake,Benaini
Jenwei,Munke
Munehiko,Ranze
Conrado,Pavlopoulou
Achilleas,Worfolk
Valdiodio,Angelov
Sudhanshu,Sommer
Adas,Warwick
Sachin,Luders
Mountaz,Bratten
Manohar,Zirintsis
Rasiah,Steenbeek
Licheng,Janetzko
Laurentiu,Hellwagner
DeForest,Remmele
Bodo,Sudkamp
Xudong,Setia
Ulf,Ventosa
Irena,Siprelle
Ottavia,Rissland
Weiye,Cunliffe
Wojceich,Peek
Phule,Krzyzanowski
Gilbert,Koblitz
Nathalie,dAstous
Aran,Benaini
Pranav,Ashish
Ennio,Glowinski
Matk,Larfeldt
Tuval,Veldwijk
IEEE,Garrabrants
Amstein,Lores
Angus,Byoun
Pasqua,Mukaidono
Manibrata,Lieberherr
Fumiyo,Nitsche
Qiwen,Kriebel
Maia,Erni
Eishiro,Hennebert
Youpyo,Khasidashvili
Paraskevi,Cromarty
Yagil,Lorie
Aris,Merkl
Krisda,Ramsay
Felicidad,Mawatari
Radhia,Vuskovic
Fumitaka,Merro
Baoqiu,Mayerwieser
Ayakannu,Eldridge
Pantung,Emmart
Tesuya,Vendrig
Hisao,Blokdijk
Denny,Zhiwei
Dietrich,Vanwelkenhuysen
Martial,Marwedel
Szabolcs,Borstler
Gao,Fairtlough
Satyanarayana,Itschner
Somnath,Zielinski
Leif,Busillo
Amabile,Apsitis
Mountaz,Bultermann
Zhanqiu,Muntz
Mechthild,Ibel
Sariel,Schlegelmilch
Golgen,Krichel
Suvo,Raney
Sariel,Baaleh
Aksel,Maginnis
Hongzhu,Menyhert
Zhongwei,Angot
Arvin,Lorie
Cedric,Mateescu
Hitofumi,Lenart
Fumino,Schahn
Sanjoy,Ballarin
Qunsheng,Biros
Limsoon,Warwick
Boriana,Manderick
Ramachenga,Peot
Zejun,Luef
Diederik,Camurati
Shao,Copas
Shooichi,Sudkamp
Shrikanth,Bressoud
KayLiang,Chinen
Uma,Thebaut
Gaurav,Beznosov
Berto,Brandsma
Mayuri,Merlo
Vatsa,Lunn
Bader,Hockney
Adamantios,Colorni
Bedir,Uehara
Sajjan,Solares
Zine,Douceur
Sanjoy,Slaats
Marke,Hasham
Jenwei,Spelt
Pintsang,Keustermans
Yannik,Gilg
Ronnie,Badr
Mohammed,Moehrke
Yongmao,Mondadori
Uriel,Gente
Leszek,Speer
Godehard,Gips
Mohan,Trumbly
Jasminko,Androutsos
Doohun,Zallocco
Shin,Ferretti
Chriss,Tagansky
Yongmao,Heuser
Arup,Brendel
Lihong,Brookner
Seongbin,Stafford
Sudharsan,Veccia
Werner,Clemencon
Chuanti,Stanger
Lokesh,Tibblin
Boalin,Rosen
Izaskun,Sudbeck
Gunilla,Gladwell
Chaosheng,Ozery
Jaroslava,Neimat
Guttorm,Sevcikova
Vatsa,Denny
Abdulah,Kroft
Zeljko,Bashian
Nigel,Birch
Hercules,Baer
Frazer,Ranze
Boaz,Cannata
Katsuo,Gilg
Oscar,Schauser
Jungsoon,Kinley
Inderjeet,Vickson
Anneli,Pettis
Yuichiro,Setia
Shuichi,Furudate
Poorav,Mateescu
Aria,Birjandi
Nirmal,Benner
Tran,Francisci
Jeanne,Benner
Kinh,Setlzner
Irena,Nitsch
Yagil,Turnbull
Sadok,Kilgore
Kaijung,Heydon
Youssef,Varker
KayLiang,Mondadori
Tamiya,Baca
Shan,Encarnacion
Aleksander,Kavraki
Heejo,Simkin
Atreye,Schmiedel
Yefim,Taneja
Yinlin,Kamble
Nikolaus,Businaro
Aamod,Bernatsky
Oguz,Decaestecker
Sudharsan,Miculan
Stella,Pelc
Nechama,Himler
Shounak,Siksek
Patricio,Schicker
Masako,Leppanen
Unal,Schwabacher
Fox,Rabejac
Poornachandra,Garigliano
Yuqun,Salinas
Akeno,Gente
Susanna,Chaudhury
Ramachenga,Soicher
Trygve,Itschner
Ashish,Preusig
Jessie,Thiran
Basem,Akiyama
Alper,Ozeri
Douadi,Cairo
Kristin,Beilner
Steve,Tibblin
Martine,Herber
Charlene,Sankaranarayanan
Hideo,Cooman
Nahid,Shackell
Chaitali,Fairtlough
Mountaz,Huttel
Weicheng,Anick
Avishai,Encarnacion
Aloke,Reeken
Mani,Picaronny
Tru,Kalorkoti
Gro,Cooley
Jayson,Ginneken
Sergi,Leslie
Kristine,Iacovou
Conor,Wegerle
Guozhong,Janetzko
Tooru,Lung
Golgen,Erez
Terresa,Stiles
Ekawit,Budinsky
Ingmar,Isard
Basim,Tischendorf
Deniz,Pramanik
Gadiel,Ghelli
Murthy,Luca
Billie,Speer
Faiza,Cheshire
Sedat,Sanella
Kristian,Gihr
Ishfaq,Plavsic
Chikako,Jiang
Filipp,Fetvedt
Filipe,Bednarek
Basil,Bernick
Anyuan,Samarati
JoAnne,McAlpine
Zhigen,Rusterholz
Shrikanth,Alameldin
Eishiro,Mitina
Felicidad,Tibblin
Nobuyoshi,Kuzuoka
Aron,Pehl
Steen,Bhattacharjee
Reinhard,Kaltofen
Seongbae,Beilner
Goncalo,Anily
Dzung,Auria
Shimshon,Azuma
Sanjeeva,Rajaraman
Gad,Lichtman
Zongyan,Bamford
Jaihie,Keirsey
Armond,Geffroy
Claudi,Pezzoli
Serge,Beeson
Kwangsub,Conde
Clyde,Georgakopoulos
Krisda,Papsdorf
Geoffry,Khalid
Nalini,Oehlmann
Along,Schwartzbauer
Gererd,Baar
Aran,Ashish
Sailaja,Gill
Yucai,Albarhamtoshy
Sampalli,Maraist
Werner,Knightly
Guttorm,Kugler
Eishiro,Barreiro
Oguz,Heydon
Pasqua,Qiwen
Chaoyi,Beznosov
Achilleas,Schach
Chaitali,Baik
Chuanti,Nitsche
Shooichi,Rosti
Parto,Menhardt
Takahiro,Beerel
Uta,Shackell
Maja,Kakkad
Ulf,Chachaty
Cedric,Prochazka
Subhrajyoti,Shigei
Mona,Luck
Aloys,Senzako
Mantis,Strooper
Makato,Codenie
Dante,Kuzuoka
Sigeru,Narlikar
Miyeon,Lammel
Nathalie,Peek
Tsutomu,Itzfeldt
Weicheng,Leslie
Aleksandar,Piazza
JoAnne,Waterhouse
Mechthild,Maliniak
Jianhui,Lammel
Alper,Giaccio
Cristinel,Fairtlough
Basant,Gerteisen
Basim,Benzmuller
Nalini,Billawala
Zhilian,Pelz
Zhenbing,Babb
Paloma,Tyugu
Shridhar,Zlotek
Martien,Hartvigsen
Chuanti,Ishibashi
Zhensheng,Dehkordi
Muneo,Staudhammer
Yonghoan,Quittner
Kazuhiko,Rabejac
Lidong,Potthoff
Navid,Kalorkoti
Hein,Rissland
Shrikanth,Hettesheimer
Shahab,Eiron
Xiong,Copas
Zdislav,DiGiano
Susanna,Marzano
Emdad,Trachtenberg
Maris,Zhang
Krisda,Bazelow
Mohua,Condotta
Renee,Jenevein
Naftali,Huttel
Sangeeta,Feldmann
Torsten,Krichel
Renee,Wissmann
Kankanahalli,Uehara
Yucel,Reinhard
Jackson,England
Kensei,Negoita
Martins,Lundstrom
Jingling,Walston
Masaru,Heinisuo
Geoffry,Kitai
Masali,Dichev
Adin,Rotem
Xuedong,Ranta
Katsuo,Huxford
King,Denna
Yefim,Undy
Arvind,Zirintsis
Ziya,Schurmann
Niranjan,Bodoff
Eckart,Ghemri
Yuichiro,Flowers
Yongdong,Dolinsky
Peternela,Gurbaxani
Wanqing,Masada
Weidon,Bellone
Hongzhu,Dulin
Billur,Claffy
Mohamadou,Gini
Ferdinand,Merks
Avishai,Szmurlo
Eberhardt,Backhouse
Zhilian,Ramamoorthy
Niranjan,Biron
Deniz,Comyn
Phuoc,Sessa
Jungsoon,Brendel
Valdiodio,Capobianchi
Alassane,Kadhim
Subbu,Gurbaxani
Emdad,Birnbaum
Vidya,Hanabata
Aleksander,Garnham
Lunjin,Swick
Hatim,Czaja
Arnd,Bouloucos
Valeri,Luff
Constantino,Ibel
Genki,Heemskerk
Sakthirel,Pashtan
Lenore,Bondorf
Khosrow,Hofting
Laurentiu,Sherertz
Mayuri,Staylopatis
Paddy,Uchoa
Lubomir,Suomi
Xiaoheng,Halevi
Domenick,Velasco
Yongmin,Spelt
Nobuyoshi,Mungall
Kazuhisa,Rijsenbrij
Badri,Petereit
Sumali,Schusler
Chirstian,Majewski
Mitchel,Hellwagner
Sham,Swift
Khosrow,Engberts
Yannik,Lukaszewicz
Zine,Onuegbe
Maik,Undy
Weiye,Norsworthy
Adas,Hofmeyr
Horward,Boudaillier
Vesna,Atrawala
Beshir,Chiola
Cullen,Dulli
Hongzue,Himler
Huai,Garnier
Lene,Penttonen
Girolamo,Sherertz
Berry,Merks
Dipayan,Gruenwald
Brigham,Teitelbaum
Duke,Picaronny
Hidde,Thummel
Sham,Einsfeld
Zhiwei,Shinomoto
Katsuyuki,Sadowski
Dinah,Garigliano
Wayne,Zallocco
Shaowei,Stranks
Tran,Katalagarianos
Luigi,Rahier
Samphel,Bouloucos
Bokyung,Schaar
Shahid,Papadias
Taiji,Iacovou
Ibibia,Beutelspacher
Valdiodio,Weedman
Yishai,Baik
Sudhanshu,Schwabacher
Moty,Siepmann
Zhongwei,Leuchs
Gonzalo,Sewelson
Bingning,Perin
Vasilii,Luck
Tomofumi,Budinsky
Giordano,Docker
Djenana,Roccetti
Kousuke,Worfolk
Gennadi,Fasbender
Syozo,Koyama
Lenore,Angelopoulos
Hidde,Felder
Kankanahalli,Speel
Heping,Buescher
Yurii,Kragelund
King,Demeyer
Yefim,Ferretti
Abdelaziz,Czap
Youpyo,Heydon
Radhika,Gyimothy
Xiping,Birdsall
Owen,Rosaz
Lucien,Schlegelmilch
Yuguang,Fritzsche
Charlene,Yoshimura
Naftaly,Gihr
Suvo,Schwartzburd
Teunis,Iacovou
Lucien,Murtha
Marlo,Speel
Yahiko,Chinin
Uzi,Swick
Anneli,Talmor
Trygve,Barreiro
Shim,Copas
Dinah,Khasidashvili
Kazuhiro,Birnbaum
Nectarios,Farrag
Chaosheng,Harllee
Masaki,Gelosh
Shem,Smeets
Yaghout,Murrill
Tiina,Daescu
Mariusz,Kamble
Golgen,Poujol
Suzette,Schreiter
Krisda,Ligten
Khoa,Lamparter
Yinlin,Flowers
Kauko,Skafidas
Lidong,Stanger
Sachin,Conte
Gianluca,Prampolini
Herbert,Decaestecker
Masoud,Wallrath
Goo,Huhdanpaa
Michaela,Khasidashvili
Murthy,Felder
Bowen,Bashian
Atilio,Schaaf
Masako,Androutsos
Sadun,Bultermann
Tonia,Casley
Berna,Borovoy
Jessie,Macedo
Oldrich,Rotem
Shaunak,DiGiano
Shuji,Anily
Mariusz,Langford
Danil,Kroon
Amstein,Simmen
Qiwen,Dolinsky
Naraig,Mersereau
Kousuke,Luck
Arra,Kambil
Gopalakrishnan,Conta
Vojin,Farrar
Hisao,Seghrouchni
Bikash,Jayawardene
Houman,Condotta
Moheb,Cooman
Florian,Gimbel
Jinpo,Sgarro
Radhakrishnan,Cooley
Rildo,Menhoudj
Faiza,Curless
Eldridge,Heiserman
Sven,Bernini
Dmitry,Baby
Erzsebet,Hooghiemstra
Siddarth,Rosen
Kotesh,Saoudi
Sangeeta,Rosar
Mary,Linares
Gadiel,Hutter
Aemilian,Speel
Denis,Fraisse
Lena,Stavenow
Naraig,Iacovou
Valery,Klerer
Shem,Poupard
Neven,Sridhar
Kayoko,Ravishankar
Yannis,Lanzelotte
Nalini,Scallan
Bingning,Hopewell
Lihong,Molenaar
Werner,Taneja
Chenye,Eickenmeyer
Gill,Hutter
Minghong,Siegrist
Piyawadee,Openshaw
Zine,Diderrich
Stella,Yamaashi
Nalini,Bardell
Zorica,Peck
Shigeaki,Joslin
Danel,Chleq
Yifei,Ranon
Sergi,Jenevein
Xudong,Huttel
Greger,Takanami
Almudena,Dratva
Yechiam,Luit
Nevio,Lindqvist
Freyja,Khamsi
Aemilian,Syrzycki
Chenye,Ramsey
Leen,Siochi
Aimee,Kornatzky
Yuguang,Marakhovsky
Huei,Gruenwald
Pantung,Picht
Eishiro,Pezzoli
Tooru,Falco
Mong,Stemann
Susanta,Staelin
Sailaja,Vickson
Maia,Feinberg
Alexius,Stafford
Saeed,Rosin
Bernardo,Sinitsyn
Teiji,Aamodt
Vidya,Leppanen
Youjian,Simmen
Marit,Perl
Yuping,Heiserman
Boguslaw,Ariola
Kazuhira,Danecki
Fabrizio,Erol
Honglan,Lorcy
Masaru,Seuren
Kellyn,Zastre
Kazuhiro,Erdi
Frazer,Kalorkoti
Aleksander,Schaaf
Sadok,Garnham
Stepehn,Fritzsche
Adil,Brickell
Zhongwei,Emmerich
Vasilis,Gecsei
Mokhtar,Straney
Froduald,Angelov
Cheong,Janetzko
Hailing,Ritzmann
Florina,Curless
Mingzeng,Dratva
Angus,Khalil
Marsja,Vernadat
Shem,Ginesta
Odoardo,Lindenbaum
Bedrich,Penn
Junichi,Mayerwieser
Vasilis,Hambrick
Tristan,Gulik
Make,Ranum
Sreekrishna,Fendler
Matt,Rissland
Chandrasekaran,Schmiedel
Nalini,Hambrick
Demos,Quadeer
Qingxiang,Skogmar
Shir,Provine
Yunming,Muchinsky
Giao,Taneja
Tze,Trelles
Marsal,Kading
Mamdouh,Poujol
KayLiang,Luca
Marjo,Pauthner
Chinhyun,Peek
Youjian,Diderrich
Uzi,Trystram
Huai,Bernatsky
Tayeb,Curless
Chriss,Ossenbruggen
Barry,Godskesen
Arto,Kawashimo
Martine,Demos
Franziska,Salvesen
Richard,Hiroyama
Remco,Rodite
Shmuel,Gils
Takahiro,Veldwijk
Hyuncheol,Cochrane
Zhilian,Brookner
Waiman,Sudkamp
Adas,Fetvedt
Satyanarayana,Pollock
Doohun,Pusterhofer
Rance,Chinin
Magy,Detkin
Ingmar,Iacovou
Aiichiro,Ducloy
Xinyu,Gide
Genki,Delaune
Shichao,Zaiane
Kamakshi,Lowrie
Rimon,Ozeki
Mori,McClurg
Vincent,Fraisse
Yuichiro,Ramaiah
Irena,Codenie
Guenter,Segond
Khalid,Narahari
Parviz,Farrar
Ranan,Guenter
Hiroyasu,Byoun
Cheong,Ranai
Sham,Openshaw
Saeed,Mersereau
Jaber,Beerel
Mabo,Verspoor
Guozhong,Covnot
Jaana,Angot
Sariel,Suomi
Takanari,Famili
Yefim,Luef
Kersti,Calkin
Mona,Mitzlaff
Jahangir,Kemmerer
Aris,Pappas
JiYoung,Keohane
Mahendra,Falck
Munir,Morris
Hugo,Pietracaprina
Eran,Talmor
Kerhong,Radivojevic
Toshiki,Raczkowsky
Chenyi,Schusler
Shay,Nergos
Constantijn,Schwabacher
Xudong,Bamford
Keiichiro,Kalefeld
Lakshmi,Danlos
Gad,Impagliazzo
Tomofumi,Heuser
Amstein,Denny
Guiseppe,Thisen
Basem,Luck
Weicheng,Hatcliff
Pradeep,Piveteau
Denis,Erbe
Aleksandar,Feldhoffer
Xianlong,Oskamp
Piyawadee,Vural
Masaki,Picht
Hyuckchul,Zucker
Ingemar,Matzke
Jianwen,Gente
Thodoros,Gien
Shim,Sewelson
Yurij,Mahmud
Aksel,Teitelbaum
Eben,Kermarrec
Richara,Shobatake
Jinpo,Borstler
Palash,Fiebach
Ravishankar,Nilsson
Duri,Luon
Sastry,Junet
Mechthild,Lubachevsky
Kerhong,Begiun
Filipp,Vieri
Ioana,Khasidashvili
Fun,Garnier
Luigi,Renear
Ymte,Kaelbling
Hugo,Hmelo
Yinghua,Luga
Shahid,Babu
Sastry,Emiris
Hiroyasu,Muhlberg
Mansur,Atchley
Terresa,Demri
Huiqun,Jiang
Hongzhu,Bahi
Ranan,Stiles
Gil,Standera
Brewster,Mungall
Izaskun,Wissmann
Jouni,Matzat
Masami,Cappelli
Unal,Tsunoo
Xianlong,Seghrouchni
Kamakshi,Verhoeff
Lijia,Matteis
Lene,Farrag
Valdiodio,Irland
Xiaoqiang,Cromarty
Stamatina,Shiratori
Nimmagadda,Soicher
Martina,Aingworth
Bezalel,Vesna
Sastry,Rodier
Huan,Poupard
Xiping,Ranze
Premal,Quadeer
Angel,Ossenbruggen
Vidar,Nitto
Ziva,Goldhammer
Hironoby,Tetzlaff
Dhritiman,Giveon
Frazer,Remmele
Menkae,Mitzlaff
Mori,Plumb
Radhakrishnan,Mungall
Guther,Stasinski
Byong,Rothe
Deniz,Parhami
Utz,Menhardt
Randy,Georgatos
Piyawadee,Kolinko
Macha,Awdeh
Zhiwei,Kuhnemann
Dipankar,Breugel
Annemarie,Langford
Urs,Marwedel
Arie,Gecsei
Arto,Apsitis
Lansing,Kambil
Abdulla,Lagarias
Breannda,Janocha
Chriss,Zaccaria
Weiyi,Denny
Hironoby,Glinert
Georgy,Kilgour
Cedric,Bonifati
Piyawadee,Lodder
Toong,Munoz
Aiman,Shrader
Jingling,Pardalos
Shih,Valiente
Yuqun,Awdeh
Remmert,Brender
Divier,Farrag
Gro,Czap
Mikhail,Frolund
Martins,Zallocco
Oldrich,Whitcomb
Remmert,McClurg
Gita,Pesch
Lidong,Meriste
Bedrich,Lubachevsky
Marin,Compeau
Vishv,Stanger
Pradeep,Kumaresan
Jackson,Schmezko
Seongbin,Ariola
Shiv,Jiafu
Arno,Atchley
Gou,Plessier
Arto,Matzov
Armond,Gihr
Kristinn,Kemmerer
Naftaly,Klassen
Honesty,Chvatal
Tuval,Stifter
Vasilii,Billawala
Kerhong,Blokdijk
Yifei,Stiles
Jovan,Delgrande
Sadok,Lorys
Kazuyasu,Angelopoulos
Juichirou,Wilharm
Lucien,Egerstedt
Weiyi,Ranft
Sarita,Crelier
Shaw,Juneja
Patricio,Usdin
Yefim,Xiaoshan
Kokou,Thorelli
Akeno,Barriga
Jiann,Pauthner
Vishwani,Nastansky
Nidapan,Segond
Zvonko,Mandell
Boutros,Gimarc
Mona,Carrere
Nimmagadda,Monarch
Sorina,Crouzet
Shigenori,Angel
Khalid,Schiper
Waiman,Boguraev
Jackson,Huxford
Georg,Peris
Takanari,Unni
Jayesh,Gomatam
Heather,Koblitz
Maik,Merle
Thodoros,Boyle
Ung,McFarlin
Gian,Pepe
Ayonca,Budinsky
Fabrizio,DuBourdieux
Percy,Maliniak
Masasuke,Yurov
Ayonca,Couchot
Masaru,Baranowski
Nechama,Waymire
Kwangjo,Sadowsky
Kazuyasu,Schmiedel
Mircea,Baby
Reinhold,Rajala
Arvind,Pews
Sivanarayana,Sewelson
Reinhard,Bauknecht
Yuriy,Businaro
Marsal,Chleq
Baruch,Benner
Mostafa,Dredge
Fumiko,Perry
Gay,Kumaresan
Gen,Restivo
Shaunak,Tzvieli
Valdiodio,Marwedel
Satosi,Warwick
Chenye,Cronin
Matk,Debuse
Aamod,Llado
Paddy,Maliniak
Oksana,Luiz
Kagan,Luan
Arvind,Lammel
Ingemar,Emmart
Charlene,Cooman
Laurentiu,Heering
Jianhao,Perry
Willard,Pelc
Masasuke,Heering
Maria,Michaels
Adit,Kemmerer
Fumino,Ciolek
Krassimir,Demizu
Taiji,Goodrum
Vugranam,Dalphin
Flemming,Cooke
Zdislav,Hedayat
Vitaly,Akiyama
Chinhyun,Butner
Brewster,Keohane
Akemi,Ranai
Mohit,McAffer
Sigeru,Hofstetter
Alselm,Harnett
Pintsang,Yetto
Martins,Gonthier
Foong,Baaz
Aria,Morrin
Breannda,Portugali
Mori,Valiente
Oldrich,Unni
Feipei,Nollmann
Shigehiro,Chiodo
Shem,Jayawardene
Taiji,Malinowski
Arif,Aseltine
Oddvar,Desikan
Yongmao,Erdi
Kristian,Prochazka
Alexius,Kavraki
Premal,Uhrik
Sasan,Rosaz
Dietrich,Sadowski
Guttorm,Picht
Dung,Tanemo
Stevo,Ariola
Chenye,Ducloy
Thodoros,Vasanthakumar
Vasilis,Honiden
Shounak,Picci
Shai,Cangellaris
Danny,Nicolson
Fan,Neiman
Shin,Birdsall
Suebskul,Grandbois
Masako,Sabnani
Keiichiro,Kobuchi
Khedija,Iacovou
Akemi,Litzkow
Kokou,Bottner
Kazuhisa,Zwicker
Kotesh,Fritzsche
Hyuncheol,Zyda
Anestis,Granlund
Navin,Picco
Kwangsub,Setia
Maik,Ernst
KayLiang,Kolinko
Marsja,Luders
Eberhardt,Sidou
Mingsen,Melton
Khatoun,Lichtman
Kerhong,Pappas
Aloys,Gecseg
Faiza,Mondadori
Yaghout,Pollock
Mang,Imataki
Jiang,Peac
Shaowei,Rehfuss
Magy,Sichman
Angel,Iivonen
Rosalyn,Zykh
Abdelaziz,Poulakidas
Seongbin,Mitsuhashi
Sachio,Pocchiola
Hyuncheol,Munro
Jinxi,Swift
Aamer,Ermel
Youjian,Cronau
Jeanna,Strandh
Mitsuyuki,Szilard
Leaf,Baar
Garnik,Spell
Adam,Asrin
Arno,Baba
Morrie,Sidhu
Yuping,Stentiford
Aimee,Orlowska
Jouko,Isard
Serap,Rosca
Doohun,Salvesen
Shuho,Khamsi
Irene,Biros
Tetsushi,McAffer
Hairong,Stellhorn
Radoslaw,Krichel
Bingning,Lupu
Genevieve,Alpay
Gad,Kruskal
Wilmer,Speek
Haldun,Plotkin
Akeel,Ibel
Jingling,Zweizig
Stamatina,Erde
Marlo,Tyugu
Badri,Keohane
Kauko,Setlzner
Renee,Bernick
Shaowei,Luiz
Billie,Sessa
Saddek,Imataki
Leucio,Buchter
Horward,Erni
Toshiko,Schapire
Mari,Barinka
Gritta,Ghandeharizadeh
Florina,Demri
Brigham,Mitina
Jayesh,Diderrich
Magy,Vieri
Morrie,Schurmann
Phuoc,Clouatre
Radoslaw,Marshall
IEEE,Biron
Christoph,Ventosa
Christoper,Baig
Ishfaq,Kalloufi
Miyeon,Ressouche
Adam,Kisuki
Nikolaus,Redmiles
Junsik,Eastman
Zito,Beetstra
Reuven,Uludag
Anneli,Baezner
Mohit,Kroon
Hidde,Veccia
Frederique,Malabarba
Lunjin,Matzov
Mayuko,Vesel
Hirochika,Flowers
Ulises,Facello
Vasilii,Grabner
Denis,Bashian
Doowon,Luce
Xuejia,Barinka
Bedrich,Luft
Premal,Levergood
Takahito,Bolotov
Toshimori,Benveniste
Xiping,Spinelli
Zhongwei,Bahr
Moss,Usdin
Alair,Schieder
Sachem,Rindone
Waiman,Kavraki
Kazuhiro,Pews
Gonzalo,Adachi
Theirry,Gischer
Udo,Velardi
Aris,Negoita
Flemming,Borovoy
Itzchak,Gimbel
Abdelkader,Tchuente
Miquel,Chepyzhov
Moss,Foote
Moriyoshi,Ventosa
Masadi,Goodrum
Juyoung,Baez
Nathan,Ranta
Masami,Nitta
Taisook,Francisci
Zhenbing,Oxman
Reinhard,Fetvedt
Xiahua,Whitcomb
Thodoros,Lipner
Tadanori,Sudbeck
Denis,Paciorek
Aris,Masaki
Shigenori,Siksek
Xiahua,Litvinov
Weiru,Kaelbling
Subhada,Kambil
Moie,Goldhammer
Kensyu,Zielinski
Jianhao,Morrow
Steen,Zeidenstein
